"A","B","share_2x2","obs","est"
"Achillea_millefolium","Anthoxanthum_odoratum",66,0.67252789335721,0.913324351676883
"Achillea_millefolium","Brachythecium_rutabulum",32,0.539575037051977,0.503359849633094
"Achillea_millefolium","Centaurea_nigra",45,1.0407615937344,0.510039064853286
"Achillea_millefolium","Cerastium_fontanum",49,0.510825623765991,0.674911291790553
"Achillea_millefolium","Cirsium_arvense",23,0.0540672212702758,0.0718451619954373
"Achillea_millefolium","Dactylis_glomerata",37,1.06945570437665,0.737867434023647
"Achillea_millefolium","Festuca_rubra",56,1.57681268511802,1.07338092851941
"Achillea_millefolium","Holcus_lanatus",77,NA,NA
"Achillea_millefolium","Hypochaeris_radicata",22,1.15184373889099,0.553529341995537
"Achillea_millefolium","Lathyrus_pratensis",30,0.916290731874155,0.467523593798534
"Achillea_millefolium","Lolium_perenne",44,0.315852949418477,0.325082939956827
"Achillea_millefolium","Lotus_corniculatus",53,1.79175946922805,1.66241838937003
"Achillea_millefolium","Luzula_campestris",40,1.76644166124377,0.974332763182729
"Achillea_millefolium","Phleum_pratense",22,-0.492322152201431,-0.256274802126482
"Achillea_millefolium","Plantago_lanceolata",29,0.717839793150317,0.281922651149313
"Achillea_millefolium","Poa_trivialis",40,-0.538694522774783,-0.151621883841913
"Achillea_millefolium","Prunella_vulgaris",30,-0.0645385211375712,-0.00276713352542043
"Achillea_millefolium","Ranunculus_acris",62,0.67252789335721,0.913324351676883
"Achillea_millefolium","Ranunculus_repens",54,0.847297860387204,1.04752446396834
"Achillea_millefolium","Rumex_acetosa",55,1.69807398515073,1.61035519679428
"Achillea_millefolium","Stellaria_graminea",40,0.382571288242312,0.390072363050567
"Achillea_millefolium","Taraxacum_officinale",28,0.0170527883827195,0.15414812892047
"Achillea_millefolium","Trifolium_pratense",34,0.809814767132463,0.443585922449116
"Achillea_millefolium","Trifolium_repens",67,0.244196960512042,0.490166449095023
"Agrostis_canina","Anthoxanthum_odoratum",29,-0.382992252256106,0.503508010319939
"Agrostis_canina","Holcus_lanatus",34,NA,NA
"Ajuga_reptans","Anthoxanthum_odoratum",47,0.112117298120706,0.736403890470464
"Ajuga_reptans","Brachythecium_rutabulum",28,1.00726251007988,1.04212244246684
"Ajuga_reptans","Centaurea_nigra",30,1.25049281996083,0.645387498614511
"Ajuga_reptans","Festuca_rubra",23,-0.199045999735149,0.0612787593210559
"Ajuga_reptans","Holcus_lanatus",50,NA,NA
"Ajuga_reptans","Juncus_conglomeratus",22,2.45100509811232,1.33278003372317
"Ajuga_reptans","Lotus_corniculatus",26,1.19392246847243,1.46402397823221
"Ajuga_reptans","Lotus_uliginosus",24,1.13943428318836,1.09249543731965
"Ajuga_reptans","Luzula_campestris",22,1.22866541691631,0.701478068328447
"Ajuga_reptans","Plantago_lanceolata",21,0.870933582188509,0.28189465733483
"Ajuga_reptans","Potentilla_reptans",23,1.73113484741162,0.91971659970229
"Ajuga_reptans","Prunella_vulgaris",28,1.88815131490312,1.34760944884652
"Ajuga_reptans","Ranunculus_acris",33,0.112117298120706,0.736403890470464
"Ajuga_reptans","Ranunculus_repens",29,-1.38957843632108,-0.55569327761197
"Ajuga_reptans","Rumex_acetosa",26,0.124052648669979,0.601948704413371
"Ajuga_reptans","Trifolium_repens",27,-1.5976034547871,-0.713381200319756
"Alopecurus_pratensis","Anthoxanthum_odoratum",43,-0.885519073207401,-0.548798630243489
"Alopecurus_pratensis","Cerastium_fontanum",47,-0.00778214044205496,0.16645775142141
"Alopecurus_pratensis","Cirsium_arvense",33,0.771709503063047,0.445429720570354
"Alopecurus_pratensis","Dactylis_glomerata",38,1.3609765531356,0.860143386130772
"Alopecurus_pratensis","Festuca_rubra",43,0.496936511605324,0.340560702188817
"Alopecurus_pratensis","Holcus_lanatus",87,NA,NA
"Alopecurus_pratensis","Lathyrus_pratensis",25,0.543615446588982,0.265193830819575
"Alopecurus_pratensis","Lolium_perenne",50,1.55619339791529,1.05443035564627
"Alopecurus_pratensis","Phleum_pratense",35,1.0106014113454,0.556315182474004
"Alopecurus_pratensis","Poa_trivialis",59,1.28093384546206,0.991822051478925
"Alopecurus_pratensis","Ranunculus_acris",61,-0.323787077093897,-0.0707696156721567
"Alopecurus_pratensis","Ranunculus_repens",62,1.05209227303322,1.09632959646684
"Alopecurus_pratensis","Rumex_acetosa",59,0.596085467716814,0.602316072816991
"Alopecurus_pratensis","Stellaria_graminea",34,-0.432864082296279,-0.162407769330984
"Alopecurus_pratensis","Taraxacum_officinale",40,0.0800427076735364,0.136417966451186
"Alopecurus_pratensis","Trifolium_repens",59,0.458307589482544,0.546612881721958
"Anthoxanthum_odoratum","Brachythecium_rutabulum",128,1.49732061431339,0.738353049696413
"Anthoxanthum_odoratum","Bromus_hordeaceus",21,-0.55594605904646,0.404303552771159
"Anthoxanthum_odoratum","Calliergon_cuspidatum",41,1.02096135443804,1.56243841964006
"Anthoxanthum_odoratum","Cardamine_pratensis",45,0.233614851181505,0.78193015816705
"Anthoxanthum_odoratum","Carex_hirta",45,0.292136422801161,0.802311721055672
"Anthoxanthum_odoratum","Centaurea_nigra",108,1.67261681405563,1.75212112809009
"Anthoxanthum_odoratum","Cerastium_fontanum",177,-0.291351801340743,-1.20672450748726
"Anthoxanthum_odoratum","Cirsium_arvense",84,-1.87180217690159,-1.7955968750929
"Anthoxanthum_odoratum","Cirsium_palustre",57,0.405465108108164,0.839076242619354
"Anthoxanthum_odoratum","Dactylis_glomerata",86,-0.67252789335721,-0.913324351676883
"Anthoxanthum_odoratum","Eurhynchium_praelongum",36,1.19667350184432,1.62373545957436
"Anthoxanthum_odoratum","Festuca_rubra",136,0.53062825106217,0.122708515719166
"Anthoxanthum_odoratum","Geranium_dissectum",22,-1.40179854765586,-0.462591599569059
"Anthoxanthum_odoratum","Holcus_lanatus",321,NA,NA
"Anthoxanthum_odoratum","Juncus_acutiflorus",34,-0.382992252256106,0.503508010319939
"Anthoxanthum_odoratum","Juncus_conglomeratus",43,-0.741937344729377,0.0778229192616224
"Anthoxanthum_odoratum","Juncus_effusus",34,-0.295650242100958,0.25941452530671
"Anthoxanthum_odoratum","Lathyrus_pratensis",83,-0.22314355131421,-0.0478653665557554
"Anthoxanthum_odoratum","Leucanthemum_vulgare",45,0.544111601399457,1.34865642310496
"Anthoxanthum_odoratum","Lolium_perenne",132,0.749236647210989,0.187512563099662
"Anthoxanthum_odoratum","Lotus_corniculatus",178,1.65455834771457,0.60452351518676
"Anthoxanthum_odoratum","Lotus_uliginosus",105,0.806475865866949,0.206515346902247
"Anthoxanthum_odoratum","Luzula_campestris",99,1.87180217690159,1.7955968750929
"Anthoxanthum_odoratum","Phleum_pratense",60,-1.12330490125848,-1.01403293020843
"Anthoxanthum_odoratum","Plantago_lanceolata",77,1.25276296849537,1.64149719733545
"Anthoxanthum_odoratum","Potentilla_erecta",27,0.196710294246054,1.14874900218869
"Anthoxanthum_odoratum","Potentilla_reptans",63,0.62057648772511,0.900073359815141
"Anthoxanthum_odoratum","Prunella_vulgaris",106,1.37190562366779,1.06795396254185
"Anthoxanthum_odoratum","Ranunculus_acris",238,2.21046980408624,0.91606263617978
"Anthoxanthum_odoratum","Rumex_acetosa",196,0.467023001107598,-0.45642073195001
"Anthoxanthum_odoratum","Stellaria_graminea",128,-0.349375641457121,-0.821314504858258
"Anthoxanthum_odoratum","Taraxacum_officinale",110,0.806475865866949,0.206515346902247
"Anthoxanthum_odoratum","Trifolium_dubium",24,-0.133531392624523,0.927646747476872
"Anthoxanthum_odoratum","Trifolium_pratense",107,0.535518236356362,0.471135734459465
"Anthoxanthum_odoratum","Trifolium_repens",220,-0.0953101798043249,-1.083872965364
"Anthoxanthum_odoratum","Veronica_chamaedrys",43,-1.25276296849537,-0.388106952947335
"Anthoxanthum_odoratum","Veronica_serpyllifolia",37,-0.127261779610927,0.312825137822785
"Brachythecium_rutabulum","Calliergon_cuspidatum",29,2.73002910782099,2.50962746458362
"Brachythecium_rutabulum","Cardamine_pratensis",26,-0.028820438535492,0.264565576644005
"Brachythecium_rutabulum","Centaurea_nigra",53,0.920610393018671,0.71567415086211
"Brachythecium_rutabulum","Cerastium_fontanum",93,1.36859478402049,0.59393243480194
"Brachythecium_rutabulum","Cirsium_arvense",38,0.39953037258835,0.169764311698585
"Brachythecium_rutabulum","Cirsium_palustre",33,0.451985123743057,0.536920733372562
"Brachythecium_rutabulum","Cynosurus_cristatus",27,0.739667196194838,0.818586171415992
"Brachythecium_rutabulum","Dactylis_glomerata",35,-0.539575037051977,-0.503359849633094
"Brachythecium_rutabulum","Eurhynchium_praelongum",25,1.22113242460876,1.1324509758355
"Brachythecium_rutabulum","Festuca_rubra",60,0.374693449441411,0.0682741221111291
"Brachythecium_rutabulum","Holcus_lanatus",139,NA,NA
"Brachythecium_rutabulum","Hypochaeris_radicata",31,2.5890469090406,2.45108375791027
"Brachythecium_rutabulum","Juncus_conglomeratus",21,0.425551866674902,0.667935274687863
"Brachythecium_rutabulum","Lathyrus_pratensis",35,-0.39953037258835,-0.169764311698585
"Brachythecium_rutabulum","Lolium_perenne",58,-0.267160436730984,-0.396324657309173
"Brachythecium_rutabulum","Lotus_corniculatus",78,1.21639532432449,0.476208286774811
"Brachythecium_rutabulum","Lotus_uliginosus",49,0.286132885464952,-0.0549070689373064
"Brachythecium_rutabulum","Luzula_campestris",43,0.929535958624176,0.644187497537462
"Brachythecium_rutabulum","Phleum_pratense",35,0.634204644926495,0.357194935972447
"Brachythecium_rutabulum","Plantago_lanceolata",40,0.654925967739748,0.695682053514326
"Brachythecium_rutabulum","Poa_trivialis",56,0.00623054975063616,-0.324455368597327
"Brachythecium_rutabulum","Potentilla_reptans",32,0.72439972406405,0.643955925696484
"Brachythecium_rutabulum","Prunella_vulgaris",68,1.99470031322475,1.20724455413004
"Brachythecium_rutabulum","Ranunculus_acris",110,0.92494879461727,0.248809603033957
"Brachythecium_rutabulum","Ranunculus_repens",113,1.19254410850231,0.472345874084803
"Brachythecium_rutabulum","Rumex_acetosa",73,-0.322083499169113,-0.682028093999446
"Brachythecium_rutabulum","Stellaria_graminea",56,0.363189624959926,-0.0187708886011185
"Brachythecium_rutabulum","Taraxacum_officinale",50,0.750305594399894,0.238845810895151
"Brachythecium_rutabulum","Trifolium_pratense",49,0.724784265503128,0.444943939747872
"Brachythecium_rutabulum","Trifolium_repens",109,0.579818495252942,-0.0230226997753918
"Brachythecium_rutabulum","Veronica_chamaedrys",25,0.508155395210112,0.709828950679076
"Brachythecium_rutabulum","Veronica_serpyllifolia",27,1.15618214048959,0.987435831787019
"Bromus_hordeaceus","Holcus_lanatus",26,NA,NA
"Calliergon_cuspidatum","Cerastium_fontanum",30,1.74919985480926,2.05496093805187
"Calliergon_cuspidatum","Holcus_lanatus",43,NA,NA
"Calliergon_cuspidatum","Lotus_corniculatus",31,1.19392246847243,1.46402397823221
"Calliergon_cuspidatum","Prunella_vulgaris",34,1.55122417520198,1.09609219804638
"Calliergon_cuspidatum","Ranunculus_acris",33,0.112117298120706,0.736403890470464
"Calliergon_cuspidatum","Ranunculus_repens",29,0.283362411307265,0.868925178379469
"Calliergon_cuspidatum","Rumex_acetosa",21,-0.606135803570316,0.0392691814290023
"Calliergon_cuspidatum","Taraxacum_officinale",21,1.13943428318836,1.09249543731965
"Calliergon_cuspidatum","Trifolium_repens",35,0.117783035656383,0.669558258595594
"Cardamine_pratensis","Cerastium_fontanum",34,1.03798766685167,1.34928617686055
"Cardamine_pratensis","Holcus_lanatus",55,NA,NA
"Cardamine_pratensis","Lolium_perenne",23,-0.0571584138399486,0.198762095994574
"Cardamine_pratensis","Lotus_corniculatus",21,0.784118958765672,1.05921759786312
"Cardamine_pratensis","Poa_trivialis",29,0.208544751893057,0.494792278208744
"Cardamine_pratensis","Ranunculus_repens",49,1.29098418131557,1.71701426449922
"Cardamine_pratensis","Rumex_acetosa",34,0.2578291093021,0.657195231016845
"Cardamine_pratensis","Stellaria_graminea",24,-0.203761888031824,0.13395700838648
"Cardamine_pratensis","Trifolium_repens",41,0.817199829229924,1.2081266914747
"Carex_flacca","Centaurea_nigra",23,2.54553127160444,1.78655186064528
"Carex_flacca","Holcus_lanatus",32,NA,NA
"Carex_flacca","Lotus_corniculatus",24,1.2600006357956,1.83675731852866
"Carex_flacca","Ranunculus_repens",22,-0.481838086892738,0.478228803289983
"Carex_flacca","Trifolium_repens",21,-1.20896034583698,-0.196421076966281
"Carex_hirta","Cerastium_fontanum",27,0.545511181753881,0.90153745410604
"Carex_hirta","Festuca_rubra",23,-0.594941656827163,-0.2029781698979
"Carex_hirta","Holcus_lanatus",54,NA,NA
"Carex_hirta","Lolium_perenne",22,-0.442067687085711,-0.0566969115894012
"Carex_hirta","Lotus_corniculatus",24,-0.281167391430587,0.207028653337243
"Carex_hirta","Poa_trivialis",39,1.33750419695046,1.32837638623602
"Carex_hirta","Ranunculus_acris",34,0.292136422801161,0.802311721055672
"Carex_hirta","Ranunculus_repens",35,-0.684413500591191,-0.0472209813510917
"Carex_hirta","Rumex_acetosa",36,0.322083499169113,0.682028093999446
"Carex_hirta","Stellaria_graminea",22,-0.123613955967177,0.173121709882218
"Carex_hirta","Trifolium_repens",29,-0.980829253011726,-0.294575038596787
"Centaurea_nigra","Cerastium_fontanum",50,-0.805625163986636,-0.383196659430583
"Centaurea_nigra","Cirsium_arvense",23,-1.11696142733631,-0.580976198067012
"Centaurea_nigra","Cirsium_palustre",21,0.688032079893175,0.290875673562325
"Centaurea_nigra","Cynosurus_cristatus",27,0.658120558448695,0.265062341471496
"Centaurea_nigra","Dactylis_glomerata",50,0.149331393391309,0.163708163338703
"Centaurea_nigra","Festuca_rubra",73,0.555277386336825,0.397320088939984
"Centaurea_nigra","Holcus_lanatus",109,NA,NA
"Centaurea_nigra","Hypochaeris_radicata",29,1.01642019811443,0.498946288276731
"Centaurea_nigra","Lathyrus_pratensis",49,1.53147637096439,0.82365057959212
"Centaurea_nigra","Leucanthemum_vulgare",29,1.56861591791385,0.930944838377788
"Centaurea_nigra","Lolium_perenne",30,-0.593063722002963,-0.237829281816915
"Centaurea_nigra","Lotus_corniculatus",84,1.37339095628398,1.24841429487542
"Centaurea_nigra","Lotus_uliginosus",41,1.34373474670109,0.968214462072964
"Centaurea_nigra","Luzula_campestris",56,1.32085045286751,0.698885773680814
"Centaurea_nigra","Plantago_lanceolata",56,1.95036449940469,1.08469027477547
"Centaurea_nigra","Poa_trivialis",47,-0.646627164925052,-0.25573170295887
"Centaurea_nigra","Potentilla_reptans",31,1.34707364796661,0.688736292599075
"Centaurea_nigra","Prunella_vulgaris",46,0.683873543774616,0.400861726681225
"Centaurea_nigra","Ranunculus_repens",73,0.339507140316367,0.545672570392617
"Centaurea_nigra","Rumex_acetosa",72,0.850776124763528,0.852382029713716
"Centaurea_nigra","Stellaria_graminea",53,1.00017221585486,0.752869316958919
"Centaurea_nigra","Taraxacum_officinale",26,-0.26778433193683,-0.0421969037078819
"Centaurea_nigra","Trifolium_pratense",38,0.0377403279828471,0.0164814579919914
"Centaurea_nigra","Trifolium_repens",63,-0.84037741754263,-0.420626490305323
"Centaurea_nigra","Veronica_chamaedrys",26,0.273153971888871,0.0112222765369607
"Cerastium_fontanum","Cirsium_arvense",72,0.583146285345617,0.319316427700878
"Cerastium_fontanum","Cirsium_palustre",46,0.22314355131421,0.584673662022782
"Cerastium_fontanum","Cynosurus_cristatus",49,-0.0281708769666963,0.48977475109058
"Cerastium_fontanum","Dactylis_glomerata",66,-0.126441098399498,-0.374927337375047
"Cerastium_fontanum","Eurhynchium_praelongum",25,0.100541229221877,0.540478899225084
"Cerastium_fontanum","Festuca_rubra",93,0.921405832540925,0.420061427969451
"Cerastium_fontanum","Geranium_dissectum",32,0.0720533176400576,0.699886435840196
"Cerastium_fontanum","Holcus_lanatus",227,NA,NA
"Cerastium_fontanum","Hypochaeris_radicata",30,0.780158557549575,1.24746181243777
"Cerastium_fontanum","Juncus_conglomeratus",23,-0.310938934616048,0.361648823965198
"Cerastium_fontanum","Juncus_effusus",23,-0.227962837750159,0.2567496400851
"Cerastium_fontanum","Lathyrus_pratensis",48,-0.241162056816888,-0.0618960464050613
"Cerastium_fontanum","Leucanthemum_vulgare",26,0.405465108108164,1.06512659192865
"Cerastium_fontanum","Lolium_perenne",113,0.815749502652278,0.241453784898323
"Cerastium_fontanum","Lotus_corniculatus",109,0.6458942957094,-0.179250442135071
"Cerastium_fontanum","Luzula_campestris",54,0.836248024200619,0.76167881454898
"Cerastium_fontanum","Phleum_pratense",60,0.421213465076303,0.276782846303912
"Cerastium_fontanum","Plantago_lanceolata",38,-0.227962837750159,0.2567496400851
"Cerastium_fontanum","Poa_trivialis",115,0.164621979694554,-0.43088733888261
"Cerastium_fontanum","Potentilla_reptans",38,0.454945165371534,0.658656596515031
"Cerastium_fontanum","Prunella_vulgaris",78,0.187211542088146,0.0477477202312975
"Cerastium_fontanum","Ranunculus_acris",161,0.650587566141149,-0.346328047472588
"Cerastium_fontanum","Ranunculus_bulbosus",21,-0.262902043453294,0.517488054010069
"Cerastium_fontanum","Ranunculus_repens",182,1.14306405123894,0.101420675281919
"Cerastium_fontanum","Rumex_acetosa",132,-1.17865499634165,-1.79362229612592
"Cerastium_fontanum","Stellaria_graminea",95,0.591567387742025,0.0230098489312606
"Cerastium_fontanum","Taraxacum_officinale",90,1.23214368129263,0.535045022593971
"Cerastium_fontanum","Trifolium_pratense",72,1.04982212449868,0.815828440866174
"Cerastium_fontanum","Trifolium_repens",186,1.68581089121867,0.591486790479507
"Cerastium_fontanum","Veronica_chamaedrys",35,0.780158557549575,1.24746181243777
"Cirsium_arvense","Dactylis_glomerata",41,-0.0540672212702758,-0.0718451619954374
"Cirsium_arvense","Festuca_rubra",52,-0.0540672212702758,-0.0718451619954374
"Cirsium_arvense","Holcus_lanatus",126,NA,NA
"Cirsium_arvense","Lathyrus_pratensis",32,0.364643113587909,0.211718999562958
"Cirsium_arvense","Lolium_perenne",63,0.307484699747961,0.119096245710264
"Cirsium_arvense","Lotus_corniculatus",53,-0.189620859275566,-0.243348993945628
"Cirsium_arvense","Lotus_uliginosus",22,-1.09861228866811,-0.727650268859505
"Cirsium_arvense","Luzula_campestris",21,-0.934803430616444,-0.48288739380371
"Cirsium_arvense","Phleum_pratense",44,1.05444107035497,0.558117747344577
"Cirsium_arvense","Poa_trivialis",65,0.872615668371494,0.474298042190306
"Cirsium_arvense","Prunella_vulgaris",31,-0.633427945858323,-0.351191173952939
"Cirsium_arvense","Ranunculus_acris",87,-0.337553902491954,-0.429017491470015
"Cirsium_arvense","Ranunculus_repens",102,1.60640300873895,1.22072150325029
"Cirsium_arvense","Rumex_acetosa",69,-0.706219262127298,-0.632213180615359
"Cirsium_arvense","Stellaria_graminea",59,0.297251523467932,0.109876388940556
"Cirsium_arvense","Taraxacum_officinale",57,-0.00696866931609332,-0.0658702583422497
"Cirsium_arvense","Trifolium_pratense",41,0.140905453077238,0.0758458766261921
"Cirsium_arvense","Trifolium_repens",89,1.03407376753054,0.687516122675297
"Cirsium_palustre","Holcus_lanatus",69,NA,NA
"Cirsium_palustre","Juncus_acutiflorus",21,1.38252787832441,0.636784917007274
"Cirsium_palustre","Lotus_corniculatus",37,0.182321556793955,0.507028676907164
"Cirsium_palustre","Lotus_uliginosus",30,1.89122026275869,1.55107611085481
"Cirsium_palustre","Poa_trivialis",27,0.415747975063748,0.580371987253772
"Cirsium_palustre","Prunella_vulgaris",32,1.16575159150574,0.753035316956362
"Cirsium_palustre","Ranunculus_acris",44,-0.238411023444998,0.278417309109296
"Cirsium_palustre","Ranunculus_repens",58,-0.56531380905006,-0.00467686322959061
"Cirsium_palustre","Rumex_acetosa",32,-0.589468751085104,-0.055926892996044
"Cirsium_palustre","Stellaria_graminea",31,0.797191040333025,0.755208959357339
"Cirsium_palustre","Taraxacum_officinale",28,0.346041687637364,0.433650637000407
"Cirsium_palustre","Trifolium_repens",50,-0.853489830635125,-0.244499540758494
"Cynosurus_cristatus","Festuca_rubra",30,0.130678323642116,0.263878352287367
"Cynosurus_cristatus","Holcus_lanatus",69,NA,NA
"Cynosurus_cristatus","Lolium_perenne",40,0.366383758065693,0.492939652641123
"Cynosurus_cristatus","Lotus_corniculatus",45,0.291351801340743,0.690188528025284
"Cynosurus_cristatus","Lotus_uliginosus",23,0.8754687373539,0.872418209459664
"Cynosurus_cristatus","Luzula_campestris",22,0.395123754313432,0.166501859458808
"Cynosurus_cristatus","Plantago_lanceolata",25,0.775772200836954,0.22725252022592
"Cynosurus_cristatus","Poa_trivialis",36,0.796004565999653,0.953052387661497
"Cynosurus_cristatus","Prunella_vulgaris",30,0.816292159357714,0.575061554148319
"Cynosurus_cristatus","Ranunculus_repens",47,-0.276253376628158,0.354180462849439
"Cynosurus_cristatus","Rumex_acetosa",40,0.191891007810105,0.630576238347621
"Cynosurus_cristatus","Stellaria_graminea",25,0.506052345013333,0.629240051437712
"Cynosurus_cristatus","Trifolium_pratense",42,1.32395123054576,0.832088550117535
"Cynosurus_cristatus","Trifolium_repens",55,0.182321556793955,0.695518863491738
"Dactylis_glomerata","Festuca_rubra",76,1.43118968102778,0.731327774434305
"Dactylis_glomerata","Geranium_dissectum",26,0.777028664540647,0.777541702048438
"Dactylis_glomerata","Holcus_lanatus",125,NA,NA
"Dactylis_glomerata","Lathyrus_pratensis",57,0.846798235095771,0.51959604104711
"Dactylis_glomerata","Lolium_perenne",57,0.114410351177744,-0.0665671818943975
"Dactylis_glomerata","Lotus_corniculatus",60,0.154150679827258,-0.140371160245424
"Dactylis_glomerata","Lotus_uliginosus",23,-0.944461608840851,-0.738271185552492
"Dactylis_glomerata","Luzula_campestris",42,0.24747565197374,0.178975365726386
"Dactylis_glomerata","Phleum_pratense",41,0.109199291964992,0.0457271959161101
"Dactylis_glomerata","Plantago_lanceolata",32,0.382571288242312,0.390072363050567
"Dactylis_glomerata","Poa_trivialis",70,0.0528634895570678,-0.163681930565421
"Dactylis_glomerata","Potentilla_reptans",34,0.545227050483323,0.427965092557658
"Dactylis_glomerata","Prunella_vulgaris",32,-0.715335095535307,-0.432015094021037
"Dactylis_glomerata","Ranunculus_acris",85,-0.0327898228229908,-0.357176164066179
"Dactylis_glomerata","Ranunculus_repens",84,-0.235314086934465,-0.519289696598249
"Dactylis_glomerata","Rumex_acetosa",92,1.93939546803412,1.18218160002371
"Dactylis_glomerata","Stellaria_graminea",61,0.50125617274984,0.150914977322146
"Dactylis_glomerata","Taraxacum_officinale",58,-0.0170527883827194,-0.15414812892047
"Dactylis_glomerata","Trifolium_pratense",31,-0.0363676441708748,-0.0152088755132604
"Dactylis_glomerata","Trifolium_repens",78,-1.26851132546351,-1.34613071896717
"Dactylis_glomerata","Veronica_chamaedrys",26,0.369097463937289,0.456658830648284
"Dactylorhiza_fuchsii","Holcus_lanatus",28,NA,NA
"Dactylorhiza_fuchsii","Prunella_vulgaris",24,2.3538783873816,2.11271042901227
"Dactylorhiza_fuchsii","Ranunculus_repens",24,0.133531392624523,1.12200833075275
"Eurhynchium_praelongum","Holcus_lanatus",43,NA,NA
"Eurhynchium_praelongum","Ranunculus_repens",34,1.34855403313704,1.73616050227606
"Eurhynchium_praelongum","Rumex_acetosa",26,-0.0523258190017398,0.391747239286015
"Eurhynchium_praelongum","Taraxacum_officinale",22,0.724695538294871,0.724196118835884
"Eurhynchium_praelongum","Trifolium_repens",32,0.306374205463933,0.742096701311043
"Festuca_pratensis","Holcus_lanatus",31,NA,NA
"Festuca_rubra","Geranium_dissectum",22,-0.628608659422374,-0.202945718506052
"Festuca_rubra","Holcus_lanatus",162,NA,NA
"Festuca_rubra","Hypochaeris_radicata",32,1.29435686579421,1.12604026619894
"Festuca_rubra","Lathyrus_pratensis",61,0.64250344774119,0.401496773618187
"Festuca_rubra","Leucanthemum_vulgare",24,0.481564451646812,0.606612993291581
"Festuca_rubra","Lolium_perenne",77,0.534297979951133,0.181726229427368
"Festuca_rubra","Lotus_corniculatus",108,0.749054812498241,0.285287389957217
"Festuca_rubra","Lotus_uliginosus",35,-0.696816909448908,-0.576438692534953
"Festuca_rubra","Luzula_campestris",80,2.02228312783989,1.26532799041096
"Festuca_rubra","Phleum_pratense",46,0.109199291964992,0.0457271959161101
"Festuca_rubra","Plantago_lanceolata",43,0.15492258260584,0.248183255902336
"Festuca_rubra","Poa_trivialis",68,-0.736072225276979,-0.69652690633932
"Festuca_rubra","Potentilla_reptans",46,0.765717873394781,0.562426259417201
"Festuca_rubra","Prunella_vulgaris",54,0.0645385211375712,0.00276713352542043
"Festuca_rubra","Ranunculus_acris",126,-0.0327898228229908,-0.357176164066179
"Festuca_rubra","Ranunculus_bulbosus",29,2.51567830845475,2.34327319004118
"Festuca_rubra","Ranunculus_repens",101,-0.235314086934465,-0.519289696598249
"Festuca_rubra","Rhytidiadelphus_squarrosus",21,0.842182759720433,0.882444448697362
"Festuca_rubra","Rumex_acetosa",121,0.592051063688577,0.17199990337469
"Festuca_rubra","Stellaria_graminea",84,0.0667738725393905,-0.112223698464167
"Festuca_rubra","Taraxacum_officinale",55,-0.23638877806423,-0.287669191806202
"Festuca_rubra","Trifolium_pratense",56,0.735506454399087,0.411527926833939
"Festuca_rubra","Trifolium_repens",120,-0.244196960512042,-0.490166449095023
"Festuca_rubra","Veronica_chamaedrys",28,-0.15106901328985,0.106990609645122
"Geranium_dissectum","Holcus_lanatus",49,NA,NA
"Geranium_dissectum","Lolium_perenne",31,0.218689200964829,0.465888796136871
"Geranium_dissectum","Lotus_corniculatus",22,-0.0741079721537218,0.520520005200435
"Geranium_dissectum","Poa_trivialis",34,0.838513030831471,1.11244590238136
"Geranium_dissectum","Ranunculus_acris",34,0.763214743176662,1.45574251693558
"Geranium_dissectum","Ranunculus_repens",31,0.913006656672965,1.56740116587244
"Geranium_dissectum","Rumex_acetosa",30,-0.171850256926659,0.461696936184267
"Geranium_dissectum","Stellaria_graminea",22,-0.207639364778244,0.204524497828501
"Geranium_dissectum","Taraxacum_officinale",27,0.470003629245736,0.672640933309599
"Geranium_dissectum","Trifolium_repens",35,-0.162518929497775,0.542389230348659
"Heracleum_sphondylium","Holcus_lanatus",23,NA,NA
"Holcus_lanatus","Hordeum_secalinum",23,NA,NA
"Holcus_lanatus","Hypochaeris_radicata",55,NA,NA
"Holcus_lanatus","Juncus_acutiflorus",39,NA,NA
"Holcus_lanatus","Juncus_conglomeratus",48,NA,NA
"Holcus_lanatus","Juncus_effusus",43,NA,NA
"Holcus_lanatus","Lathyrus_pratensis",97,NA,NA
"Holcus_lanatus","Leucanthemum_vulgare",45,NA,NA
"Holcus_lanatus","Lolium_perenne",189,NA,NA
"Holcus_lanatus","Lotus_corniculatus",192,NA,NA
"Holcus_lanatus","Lotus_uliginosus",117,NA,NA
"Holcus_lanatus","Luzula_campestris",104,NA,NA
"Holcus_lanatus","Phleum_pratense",108,NA,NA
"Holcus_lanatus","Plantago_lanceolata",79,NA,NA
"Holcus_lanatus","Poa_trivialis",205,NA,NA
"Holcus_lanatus","Potentilla_erecta",26,NA,NA
"Holcus_lanatus","Potentilla_reptans",74,NA,NA
"Holcus_lanatus","Prunella_vulgaris",115,NA,NA
"Holcus_lanatus","Pulicaria_dysenterica",22,NA,NA
"Holcus_lanatus","Ranunculus_acris",286,NA,NA
"Holcus_lanatus","Ranunculus_bulbosus",33,NA,NA
"Holcus_lanatus","Ranunculus_repens",296,NA,NA
"Holcus_lanatus","Rhytidiadelphus_squarrosus",35,NA,NA
"Holcus_lanatus","Rumex_acetosa",236,NA,NA
"Holcus_lanatus","Rumex_crispus",24,NA,NA
"Holcus_lanatus","Rumex_obtusifolius",32,NA,NA
"Holcus_lanatus","Senecio_jacobaea",28,NA,NA
"Holcus_lanatus","Stellaria_graminea",163,NA,NA
"Holcus_lanatus","Taraxacum_officinale",149,NA,NA
"Holcus_lanatus","Trifolium_dubium",27,NA,NA
"Holcus_lanatus","Trifolium_pratense",116,NA,NA
"Holcus_lanatus","Trifolium_repens",278,NA,NA
"Holcus_lanatus","Veronica_chamaedrys",52,NA,NA
"Holcus_lanatus","Veronica_serpyllifolia",47,NA,NA
"Holcus_lanatus","Vicia_tetrasperma",26,NA,NA
"Hordeum_secalinum","Trifolium_repens",21,0.375612144958483,1.29072738903189
"Hypochaeris_radicata","Leucanthemum_vulgare",29,1.96611285637283,0.948986213767012
"Hypochaeris_radicata","Lotus_corniculatus",41,0.514592106561468,0.94746816946166
"Hypochaeris_radicata","Luzula_campestris",37,1.56397553835734,0.953488110222764
"Hypochaeris_radicata","Plantago_lanceolata",45,2.18617474114963,1.17975449426635
"Hypochaeris_radicata","Prunella_vulgaris",36,1.71379792775834,1.25900715251451
"Hypochaeris_radicata","Ranunculus_acris",43,0.896088024556636,1.51331982068022
"Hypochaeris_radicata","Ranunculus_repens",43,1.04642653549754,1.62514582901787
"Hypochaeris_radicata","Rumex_acetosa",30,0.971350509057182,1.35992187149394
"Hypochaeris_radicata","Taraxacum_officinale",31,0.640629146276499,0.761292523539278
"Hypochaeris_radicata","Trifolium_pratense",36,1.03243038178681,0.670125954538151
"Hypochaeris_radicata","Trifolium_repens",47,-0.0173917427118692,0.61119499524008
"Juncus_acutiflorus","Ranunculus_acris",29,-0.382992252256106,0.503508010319939
"Juncus_acutiflorus","Ranunculus_repens",28,-0.213574100298059,0.635524018019733
"Juncus_acutiflorus","Rumex_acetosa",28,0.0278569545029663,0.693765194216709
"Juncus_conglomeratus","Lotus_corniculatus",21,0.441832752279039,0.913872435499348
"Juncus_conglomeratus","Lotus_uliginosus",29,1.83355659790652,1.7404162811707
"Juncus_conglomeratus","Poa_trivialis",23,0.141499562273699,0.544092889850976
"Juncus_conglomeratus","Ranunculus_acris",30,-0.0840831172105414,0.653321562219484
"Juncus_conglomeratus","Ranunculus_repens",34,-1.08677783102111,-0.222592334752263
"Juncus_conglomeratus","Rumex_acetosa",23,-1.18716568600955,-0.342402220237064
"Juncus_conglomeratus","Trifolium_repens",24,-1.84054963339749,-0.842836816411889
"Juncus_effusus","Lotus_uliginosus",21,1.09319222119877,0.965701499589463
"Juncus_effusus","Ranunculus_acris",30,-0.295650242100958,0.25941452530671
"Juncus_effusus","Ranunculus_repens",29,-0.624154309072994,-0.0251892590066285
"Juncus_effusus","Rumex_acetosa",22,0.0119285708652738,0.416580102268616
"Juncus_effusus","Trifolium_repens",30,-0.0990909026442309,0.381446958405091
"Lathyrus_pratensis","Lolium_perenne",33,-0.104879630820476,-0.00253668738794296
"Lathyrus_pratensis","Lotus_corniculatus",56,0.189620859275566,0.243348993945628
"Lathyrus_pratensis","Lotus_uliginosus",26,0.641853886172395,0.442749543756499
"Lathyrus_pratensis","Luzula_campestris",38,0.934803430616444,0.48288739380371
"Lathyrus_pratensis","Phleum_pratense",24,0.424883193965266,0.229741514552188
"Lathyrus_pratensis","Plantago_lanceolata",31,0.937410015055082,0.492565477549329
"Lathyrus_pratensis","Poa_trivialis",54,0.0800427076735364,0.136416781729501
"Lathyrus_pratensis","Potentilla_reptans",31,1.44036158239017,0.777492338942058
"Lathyrus_pratensis","Prunella_vulgaris",30,-0.104710954089031,-0.041113021948963
"Lathyrus_pratensis","Ranunculus_repens",59,-0.474457979595116,-0.256529459453384
"Lathyrus_pratensis","Rumex_acetosa",75,0.706219262127298,0.632213180615359
"Lathyrus_pratensis","Stellaria_graminea",62,1.01473080468741,0.686594412935434
"Lathyrus_pratensis","Taraxacum_officinale",33,0.214775301643693,0.187666965531701
"Lathyrus_pratensis","Trifolium_pratense",34,0.405465108108164,0.21103593286145
"Lathyrus_pratensis","Trifolium_repens",59,0.563094052311747,0.572344370312981
"Lathyrus_pratensis","Veronica_chamaedrys",28,1.28093384546206,0.755559317463275
"Leucanthemum_vulgare","Lotus_corniculatus",33,0.679901953809925,1.2240736565924
"Leucanthemum_vulgare","Luzula_campestris",26,1.68948062010764,1.12672822415415
"Leucanthemum_vulgare","Plantago_lanceolata",34,2.12823170584927,1.17597224407205
"Leucanthemum_vulgare","Prunella_vulgaris",32,2.18195710520543,1.77076381175003
"Leucanthemum_vulgare","Ranunculus_acris",42,0.544111601399457,1.34865642310496
"Leucanthemum_vulgare","Rumex_acetosa",21,0.593517339611104,1.17632936246209
"Leucanthemum_vulgare","Trifolium_pratense",25,1.09861228866811,0.781087281198529
"Leucanthemum_vulgare","Trifolium_repens",32,0.190353728491219,0.926263863431153
"Lolium_perenne","Lotus_corniculatus",73,-0.244196960512042,-0.529120896260055
"Lolium_perenne","Lotus_uliginosus",31,-2.46915829281986,-2.00180895682879
"Lolium_perenne","Luzula_campestris",32,0.0983649497992818,0.114641013908713
"Lolium_perenne","Phleum_pratense",66,0.506675010039678,0.271678972754859
"Lolium_perenne","Poa_trivialis",102,0.818697245553988,0.269649525867942
"Lolium_perenne","Potentilla_reptans",26,0.0266682470821613,0.163472034270605
"Lolium_perenne","Prunella_vulgaris",37,-1.0171968971826,-0.647437615797969
"Lolium_perenne","Ranunculus_acris",125,-0.460524885291192,-0.855722333571747
"Lolium_perenne","Ranunculus_bulbosus",25,0.933532538308661,1.09021188042867
"Lolium_perenne","Ranunculus_repens",138,-0.0186921330121525,-0.457511069157007
"Lolium_perenne","Rumex_acetosa",99,0.52521436121809,0.0310940300134427
"Lolium_perenne","Stellaria_graminea",56,-0.596520344870874,-0.598642853627498
"Lolium_perenne","Taraxacum_officinale",71,0.720347406859102,0.246605879758067
"Lolium_perenne","Trifolium_pratense",60,1.22459209152867,0.72936536859316
"Lolium_perenne","Trifolium_repens",151,2.65675690671466,1.75276331237248
"Lolium_perenne","Veronica_serpyllifolia",21,-0.338975366839331,-0.0333328081931534
"Lotus_corniculatus","Lotus_uliginosus",55,1.38252787832441,0.636784917007274
"Lotus_corniculatus","Luzula_campestris",89,1.59601489210196,1.30994904609988
"Lotus_corniculatus","Phleum_pratense",45,0.229008670766608,0.126094872986907
"Lotus_corniculatus","Plantago_lanceolata",60,1.44435816207465,1.5555156294016
"Lotus_corniculatus","Poa_trivialis",74,-0.584933595919713,-0.978528023013494
"Lotus_corniculatus","Potentilla_reptans",46,1.7353181583231,1.64618026094237
"Lotus_corniculatus","Prunella_vulgaris",78,0.636259806157894,0.367932544753286
"Lotus_corniculatus","Ranunculus_acris",143,1.05480966600972,0.0864764637989521
"Lotus_corniculatus","Rhytidiadelphus_squarrosus",31,1.51982575374441,1.98066583158174
"Lotus_corniculatus","Rumex_acetosa",127,1.21841348848073,0.30390943255297
"Lotus_corniculatus","Stellaria_graminea",93,1.45528723260684,0.670380650969586
"Lotus_corniculatus","Taraxacum_officinale",63,-0.547383219499788,-0.787639630247585
"Lotus_corniculatus","Trifolium_pratense",80,1.04252282201707,0.765231656466418
"Lotus_corniculatus","Trifolium_repens",150,-1.05961013086484,-1.71291955206449
"Lotus_corniculatus","Veronica_chamaedrys",35,1.05939157551483,1.40838774224022
"Lotus_corniculatus","Veronica_serpyllifolia",36,1.08845991720409,1.1642709051246
"Lotus_uliginosus","Luzula_campestris",27,0.214775301643693,0.187666965531701
"Lotus_uliginosus","Plantago_lanceolata",34,0.526093095896779,0.569619179034288
"Lotus_uliginosus","Poa_trivialis",56,-0.133531392624523,-0.383222802656301
"Lotus_uliginosus","Potentilla_reptans",23,-0.0540672212702758,0.124576124973852
"Lotus_uliginosus","Prunella_vulgaris",45,0.337256858081631,0.148087618027779
"Lotus_uliginosus","Ranunculus_acris",84,1.3758230612526,0.692826781999827
"Lotus_uliginosus","Rumex_acetosa",63,-0.0746908926015892,-0.439824557391227
"Lotus_uliginosus","Stellaria_graminea",45,0.435510286539552,0.0502608471297148
"Lotus_uliginosus","Taraxacum_officinale",32,-0.598588597934933,-0.600632019555743
"Lotus_uliginosus","Trifolium_pratense",39,-0.341170757402767,-0.191217883683144
"Luzula_campestris","Plantago_lanceolata",44,1.39157141822073,0.775474940404275
"Luzula_campestris","Poa_trivialis",35,-1.12330490125848,-0.639648721348586
"Luzula_campestris","Potentilla_reptans",32,1.22609472141321,0.649026316690988
"Luzula_campestris","Prunella_vulgaris",43,1.01856958099457,0.563670133795693
"Luzula_campestris","Ranunculus_acris",81,1.87180217690159,1.7955968750929
"Luzula_campestris","Ranunculus_repens",56,-2.484906649788,-2.01543771622474
"Luzula_campestris","Rhytidiadelphus_squarrosus",25,1.32745386109696,0.849375046217237
"Luzula_campestris","Rumex_acetosa",70,1.07121331448,0.912360998139589
"Luzula_campestris","Stellaria_graminea",52,0.554996842079128,0.398634467466489
"Luzula_campestris","Taraxacum_officinale",37,0.214775301643693,0.187666965531701
"Luzula_campestris","Trifolium_pratense",48,1.3634100672863,0.737467287267629
"Luzula_campestris","Trifolium_repens",76,-0.234839591077401,-0.0568706725644709
"Phleum_pratense","Poa_trivialis",76,1.77563008729817,1.15866601742049
"Phleum_pratense","Prunella_vulgaris",25,0.215844248832598,0.108120864114193
"Phleum_pratense","Ranunculus_acris",67,0.0741079721537218,0.015651147581119
"Phleum_pratense","Ranunculus_repens",84,0.843429383609283,0.658759397982374
"Phleum_pratense","Rumex_acetosa",58,0.388515549794391,0.243428697339665
"Phleum_pratense","Stellaria_graminea",43,-0.533758144071098,-0.338339014217908
"Phleum_pratense","Taraxacum_officinale",45,-0.00230149698827927,-0.0219451702912396
"Phleum_pratense","Trifolium_pratense",26,0.226773319364789,0.118537728398614
"Phleum_pratense","Trifolium_repens",81,1.89711998488588,1.50039411472519
"Plantago_lanceolata","Poa_trivialis",31,-0.718464988544235,-0.173698220108259
"Plantago_lanceolata","Prunella_vulgaris",50,1.59653450759819,1.05525623784048
"Plantago_lanceolata","Ranunculus_repens",58,-0.624154309072994,-0.0251892590066285
"Plantago_lanceolata","Rumex_acetosa",48,0.814011882753737,1.05015119520803
"Plantago_lanceolata","Stellaria_graminea",34,0.72676379135893,0.726185284764129
"Plantago_lanceolata","Taraxacum_officinale",34,0.526093095896779,0.569619179034288
"Plantago_lanceolata","Trifolium_pratense",46,1.34915481417043,0.813057756055258
"Plantago_lanceolata","Trifolium_repens",55,-0.0990909026442309,0.381446958405091
"Poa_trivialis","Potentilla_reptans",35,-0.606135803570316,-0.178434158827966
"Poa_trivialis","Prunella_vulgaris",37,-0.887303195000903,-0.645961960912559
"Poa_trivialis","Ranunculus_acris",133,-0.95941515850791,-1.53882484518656
"Poa_trivialis","Ranunculus_repens",152,0.405465108108164,-0.300877483549425
"Poa_trivialis","Rumex_acetosa",110,-0.491777428795296,-0.924993994854255
"Poa_trivialis","Stellaria_graminea",87,0.20430046351273,-0.170856828667056
"Poa_trivialis","Taraxacum_officinale",70,-0.133531392624523,-0.383222802656301
"Poa_trivialis","Trifolium_pratense",50,-0.624154309072994,-0.38968192228408
"Poa_trivialis","Trifolium_repens",134,-0.0512932943875506,-0.641533272175942
"Poa_trivialis","Veronica_chamaedrys",36,1.51846613422837,1.62743521101658
"Potentilla_reptans","Prunella_vulgaris",25,0.233922685569037,0.16600551058758
"Potentilla_reptans","Ranunculus_acris",56,1.51982575374441,1.71574530639298
"Potentilla_reptans","Ranunculus_repens",40,-1.36760222810774,-0.794138288955873
"Potentilla_reptans","Rumex_acetosa",47,-0.0219789067187752,0.268814393865628
"Potentilla_reptans","Stellaria_graminea",41,0.551647618286246,0.51494520475616
"Potentilla_reptans","Trifolium_repens",48,-0.22314355131421,0.146153128572979
"Prunella_vulgaris","Ranunculus_acris",93,1.37190562366779,1.06795396254185
"Prunella_vulgaris","Ranunculus_repens",92,-0.593063722002963,-0.603984470055156
"Prunella_vulgaris","Rhytidiadelphus_squarrosus",26,1.65167067605737,1.32533253811147
"Prunella_vulgaris","Rumex_acetosa",69,0.499150592185487,0.27387267731395
"Prunella_vulgaris","Stellaria_graminea",48,0.0212022076506029,-0.0386253568578314
"Prunella_vulgaris","Taraxacum_officinale",53,-0.0741079721537218,-0.0912553064391073
"Prunella_vulgaris","Trifolium_pratense",54,0.972903187739306,0.518913026795122
"Prunella_vulgaris","Trifolium_repens",94,0.182321556793955,0.0438674521753726
"Prunella_vulgaris","Veronica_serpyllifolia",27,1.33368441084759,0.835041125230418
"Ranunculus_acris","Ranunculus_repens",208,0.265107750413242,-0.832158714760414
"Ranunculus_acris","Rumex_acetosa",191,0.467023001107598,-0.45642073195001
"Ranunculus_acris","Stellaria_graminea",117,0.864997437486605,0.22689690979087
"Ranunculus_acris","Taraxacum_officinale",106,0.806475865866949,0.206515346902247
"Ranunculus_acris","Trifolium_pratense",104,1.17272026082183,1.02447821553904
"Ranunculus_acris","Trifolium_repens",207,0.86148249537916,-0.208337535360326
"Ranunculus_acris","Veronica_serpyllifolia",32,0.514664400073156,0.871367736403643
"Ranunculus_bulbosus","Rumex_acetosa",24,-0.0630581359671369,0.641158461073449
"Ranunculus_bulbosus","Trifolium_repens",29,0.978811088855489,1.66995188906254
"Ranunculus_repens","Rumex_acetosa",170,0.297834443915799,-0.588393006623246
"Ranunculus_repens","Rumex_obtusifolius",26,0.693147180559945,1.46012458296103
"Ranunculus_repens","Senecio_jacobaea",24,-0.213574100298059,0.635524018019733
"Ranunculus_repens","Stellaria_graminea",132,0.624154309072994,0.0251892590066284
"Ranunculus_repens","Taraxacum_officinale",113,1.60070423246535,0.873747318285333
"Ranunculus_repens","Trifolium_dubium",22,0.0139862419747399,1.03887565174684
"Ranunculus_repens","Trifolium_pratense",90,-0.793230639116928,-0.647664888057724
"Ranunculus_repens","Trifolium_repens",217,1.37230811914515,0.257692454803336
"Ranunculus_repens","Veronica_chamaedrys",46,0.154150679827258,0.815622199079455
"Ranunculus_repens","Veronica_serpyllifolia",42,0.688233165757516,1.00490527660013
"Ranunculus_repens","Vicia_tetrasperma",21,-0.693147180559945,0.340184939732608
"Rhytidiadelphus_squarrosus","Rumex_acetosa",24,0.0278569545029663,0.693765194216709
"Rhytidiadelphus_squarrosus","Trifolium_repens",28,1.05961013086484,1.71291955206449
"Rumex_acetosa","Stellaria_graminea",122,1.6277870511023,0.803403257367242
"Rumex_acetosa","Taraxacum_officinale",81,-0.87428600510485,-1.07073380258647
"Rumex_acetosa","Trifolium_pratense",79,0.593063722002963,0.443363462572211
"Rumex_acetosa","Trifolium_repens",155,-0.105360515657826,-0.878963604420187
"Rumex_acetosa","Veronica_chamaedrys",35,-0.403680986314663,0.235849520342742
"Rumex_acetosa","Veronica_serpyllifolia",25,-0.776528789498996,-0.237660321520831
"Senecio_jacobaea","Trifolium_repens",23,-0.405465108108164,0.412933614256526
"Stellaria_graminea","Taraxacum_officinale",55,0.205443974214809,-0.0944512277711119
"Stellaria_graminea","Trifolium_pratense",49,0.386122145265033,0.234998097382014
"Stellaria_graminea","Trifolium_repens",113,0.099090902644231,-0.381446958405091
"Stellaria_graminea","Veronica_chamaedrys",43,1.84710956431122,1.75338613630951
"Taraxacum_officinale","Trifolium_pratense",52,0.481838086892738,0.287629542775738
"Taraxacum_officinale","Trifolium_repens",122,0.853489830635125,0.244499540758494
"Taraxacum_officinale","Veronica_chamaedrys",21,0.640629146276499,0.761292523539278
"Taraxacum_officinale","Veronica_serpyllifolia",28,1.30035193131917,1.04790471065594
"Trifolium_pratense","Trifolium_repens",105,2.63273486387577,2.2307219855519
"Trifolium_repens","Veronica_chamaedrys",41,0.562118918153541,1.1075632623396
"Trifolium_repens","Veronica_serpyllifolia",46,1.10553273151268,1.30117393052675
